,word1,word2,prediction
0,abandon,consigning,-0.20915836095809937
1,abandon,left,-0.8911871090531349
2,abandon,soldier,-0.6893414258956909
3,about,wandering,-0.5083597600460052
4,abstract,moon,-0.5713261663913727
5,abstract,rally,-0.927582249045372
6,abundance,wealth,-0.39125049114227295
7,abuse,access,-0.594401478767395
8,accepted,accepted,-0.0
9,accepted,acknowledged,-0.3121558427810669
10,access,approach,-0.4498469829559326
11,access,gateway,-0.4522782564163208
12,accommodation,arrangement,-0.21436846256256104
13,accommodation,settlement,-0.2824479937553406
14,accompany,walking,-0.5497235953807831
15,accomplishment,pass,-0.69624263048172
16,account,invoice,-0.14742511510849
17,account,statement,-0.5965517163276672
18,acoustic,remedy,-0.7523094713687897
19,acre,earthquake,-0.6102013885974884
20,acrylic,cloth,-0.06368279457092285
21,act,counter,-0.4716362953186035
22,act,played,-1.0353486761450768
23,action,adjustment,-0.3700261116027832
24,activity,music,-0.8015177398920059
25,add,increased,-0.8305243253707886
26,add,string,-0.6278887093067169
27,adult,type,-0.330044686794281
28,advance,advance,-0.0
29,advance,recovery,-0.5141606032848358
30,advance,string,-0.5639519095420837
31,adventure,rail,-0.5933437943458557
32,adventure,sixteen,-0.6510721445083618
33,advice,retail,-0.9976815360132605
34,advocate,booster,-0.3505696654319763
35,age,childhood,-0.1678963303565979
36,aged,develop,-0.7658324986696243
37,aged,worn,-0.6042832732200623
38,agency,office,-0.4193798303604126
39,agent,motor,-0.7540082782506943
40,agent,nature,-0.8052761405706406
41,aim,purpose,-0.07737821340560913
42,air,carnival,-0.46354812383651733
43,air,cold,-0.3494594097137451
44,air,plasma,-0.46132534742355347
45,aircraft,asphalt,-0.5278913974761963
46,aircraft,balloon,-0.3753979206085205
47,aircraft,guy,-0.8646286129951477
48,aircraft,yacht,-0.2410779595375061
49,airplane,plane,-0.1366698145866394
50,alarm,horn,-0.39525967836380005
51,alarm,press,-0.5476737022399902
52,albert,einstein,-0.31390607357025146
53,alley,punk,-0.40148037672042847
54,alloy,metal,-0.20671957731246948
55,american,lobster,-0.7931485176086426
56,anatomy,palm,-0.6283340156078339
57,ancient,city,-0.5303643643856049
58,ancient,pod,-0.4320269823074341
59,animal,hand,-0.6809622645378113
60,animal,pet,-0.13545161485671997
61,animal,wild,-0.27654874324798584
62,anniversary,birthday,-0.26566123962402344
63,answer,counter,-0.7783813923597336
64,answer,plea,-0.44080597162246704
65,answering,react,-0.3385610580444336
66,anxiety,worry,-0.6263728141784668
67,apartment,bathroom,-0.15750104188919067
68,apartment,beach,-0.37582188844680786
69,apartment,staircase,-0.1595296859741211
70,apartment,valley,-0.46899938583374023
71,apple,bank,-0.6027128100395203
72,apple,blossom,-0.3426329493522644
73,apple,cute,-0.6331135630607605
74,apple,dessert,-0.0986364483833313
75,apple,fruit,-0.04870176315307617
76,application,use,-0.2548685669898987
77,approach,avenue,-0.9631723165512085
78,approach,trench,-0.6170466244220734
79,approval,encouragement,-0.37086379528045654
80,arab,coffee,-1.1302424371242523
81,arch,curve,-0.2572237253189087
82,arch,shoulder,-0.47216254472732544
83,architecture,engineering,-0.45176512002944946
84,architecture,urban,-0.169264018535614
85,architecture,yellow,-0.6987689137458801
86,area,patio,-0.4706106185913086
87,arm,arrow,-0.22063905000686646
88,arm,caterpillar,-0.45346349477767944
89,army,battleship,-0.3670247197151184
90,aroma,fragrance,-0.18677634000778198
91,arrange,string,-0.7292361855506897
92,arrangement,flower,-0.7489664852619171
93,arrow,boxer,-0.36178165674209595
94,art,beer,-0.7485531270503998
95,art,drive,-0.8534285575151443
96,art,gem,-0.19345277547836304
97,art,painting,-0.1734020709991455
98,art,work,-0.7076647877693176
99,assessments,charge,-0.24646949768066406
100,assets,credit,-0.13562005758285522
101,assistant,secretary,-0.18960726261138916
102,association,realtor,-0.5953374803066254
103,assumption,conclusion,-0.12293529510498047
104,asylum,dollar,-1.096459612250328
105,asylum,gem,-0.910522848367691
106,athlete,participant,-0.3591088056564331
107,athletics,broadcasting,-0.738670140504837
108,attitude,respect,-0.27749931812286377
109,attitude,study,-0.8083903342485428
110,attorney,lawyer,-0.025393187999725342
111,attraction,pressure,-0.6861007511615753
112,attraction,quality,-0.5713382065296173
113,attribute,condition,-0.5186572670936584
114,automobile,racing,-0.6254430413246155
115,autumn,sunshine,-0.09484797716140747
116,baby,treat,-0.4689508080482483
117,back,out,-0.11929255723953247
118,backward,educated,-1.034606359899044
119,bacon,cooking,-0.08657824993133545
120,bacon,dessert,-0.08373773097991943
121,bacon,eat,-0.17785680294036865
122,bacon,potato,-0.011066019535064697
123,bag,cop,-0.6067637801170349
124,bag,wire,-0.2197580337524414
125,bait,pump,-0.43520092964172363
126,bakery,cake,-0.3387083411216736
127,bakery,work,-1.0168772861361504
128,bakery,zebra,-0.5446991324424744
129,balance,gauge,-0.284604012966156
130,ball,curl,-0.26259684562683105
131,ball,egg,-0.7144235372543335
132,ball,situation,-0.8939028084278107
133,ball,sphere,-0.7280822396278381
134,band,ear,-0.5046416819095612
135,band,guitar,-0.06899821758270264
136,band,musician,-0.21212708950042725
137,band,punk,-0.04714411497116089
138,bar,boat,-0.5456152558326721
139,bar,cocktail,-0.19633829593658447
140,bar,pub,-0.07296913862228394
141,base,club,-0.4863385558128357
142,baseball,cheetah,-0.523508608341217
143,baseball,rainbow,-0.6201134920120239
144,baseball,season,-0.2935514450073242
145,basket,moss,-0.3239443302154541
146,bat,bat,-0.0
147,bat,boy,-0.4948093295097351
148,bat,fruit,-0.7431826591491699
149,bat,march,-0.9925495279021561
150,bat,turn,-0.49444741010665894
151,bath,floor,-0.2805463671684265
152,bath,patio,-0.1905510425567627
153,bathroom,bedroom,-0.05997854471206665
154,bathroom,room,-0.08111608028411865
155,bathroom,sitting,-0.17843037843704224
156,bathroom,staircase,-0.20029884576797485
157,battle,fight,-0.2543039321899414
158,battle,war,-0.09420454502105713
159,bay,curve,-0.7052818536758423
160,bead,chess,-0.5984767079353333
161,bead,redhead,-0.4622870087623596
162,beard,blonde,-0.13713300228118896
163,beard,flamingo,-0.5094524919986725
164,beard,sport,-0.5105562210083008
165,beat,meter,-0.4017218351364136
166,bed,bedroom,-0.1322472095489502
167,bed,ceiling,-0.22793161869049072
168,bed,layer,-0.4653961658477783
169,bed,plant,-0.7621943205595016
170,bed,relax,-0.4230801463127136
171,bedroom,canyon,-0.5513598918914795
172,bedroom,cottage,-0.23486953973770142
173,bedroom,door,-0.1343381404876709
174,bedroom,floor,-0.09433561563491821
175,bedroom,pool,-0.28077298402786255
176,bedroom,sleep,-0.5539398789405823
177,bedroom,stair,-0.11957806348800659
178,beef,cooking,-0.10253697633743286
179,beef,deer,-0.6542150676250458
180,beet,rank,-0.7813950031995773
181,belief,magic,-0.5758805274963379
182,belief,purpose,-0.07186561822891235
183,believe,levy,-1.0641318932175636
184,belly,dark,-0.27487945556640625
185,benefit,interest,-0.22634923458099365
186,benefited,help,-0.668221652507782
187,bent,double,-0.5036031007766724
188,bent,inclination,-0.48575204610824585
189,berlin,germany,-0.20851624011993408
190,berry,flying,-0.7488590478897095
191,berry,sweet,-0.3070169687271118
192,bible,misty,-0.5473342835903168
193,bicycle,green,-0.42254638671875
194,bikini,ivy,-0.28164613246917725
195,billboard,structure,-0.5784749984741211
196,bin,box,-0.8508736938238144
197,bin,cup,-1.1404708921909332
198,bird,cock,-0.3068901300430298
199,bird,goose,-0.15903908014297485
200,bird,shade,-0.3790929317474365
201,birthday,happy,-0.5988174080848694
202,bishop,priest,-0.23386108875274658
203,bishop,seizure,-0.8374117463827133
204,bishop,wine,-0.8301736563444138
205,bit,tool,-0.6323464810848236
206,bitter,bitter,-0.0
207,black,bright,-0.14132064580917358
208,black,brown,-0.3888053297996521
209,black,colour,-0.49584901332855225
210,black,grey,-0.1551099419593811
211,black,market,-0.8077672123908997
212,black,paint,-0.29497140645980835
213,black,purple,-0.057083725929260254
214,black,seat,-0.642268031835556
215,black,skirt,-0.07621586322784424
216,black,stripe,-0.09318852424621582
217,black,white,-0.05264848470687866
218,blanket,covering,-0.2639288902282715
219,blast,smashing,-0.31084144115448
220,bleach,white,-0.5712358355522156
221,blessing,deal,-0.3460482954978943
222,blessing,patronage,-0.24744248390197754
223,blonde,dark,-0.24008071422576904
224,blonde,girl,-0.09475457668304443
225,blonde,hair,-0.26093536615371704
226,blonde,redhead,-0.06626927852630615
227,blonde,wig,-0.13182002305984497
228,bloom,foliage,-0.2411918044090271
229,bloom,friend,-0.48956364393234253
230,bloom,glittering,-0.41563910245895386
231,bloom,plant,-0.546732097864151
232,blossom,fruit,-0.3410632014274597
233,blossom,purple,-0.22782307863235474
234,blow,contact,-0.7484519481658936
235,blue,color,-0.2141662836074829
236,blue,grey,-0.1718510389328003
237,blue,shade,-0.13400012254714966
238,blue,yellow,-0.03544914722442627
239,blues,rhythm,-0.19959551095962524
240,blur,eye,-0.32761484384536743
241,blur,metro,-0.681842178106308
242,board,commission,-0.07349938154220581
243,board,recommendation,-0.18141597509384155
244,boast,complain,-0.5198950469493866
245,boast,explain,-0.6906130909919739
246,boat,ferry,-0.04128706455230713
247,boat,negro,-0.5661351978778839
248,boat,vessel,-0.05378556251525879
249,body,registration,-0.6508035063743591
250,bone,skull,-0.1393883228302002
251,book,copper,-0.9687610175460577
252,book,fair,-0.6406436264514923
253,book,fine,-0.544631689786911
254,book,open,-0.9055359363555908
255,book,smoking,-0.717378169298172
256,boot,punch,-0.24928462505340576
257,born,live,-0.49323999881744385
258,born,play,-0.8921913355588913
259,born,son,-0.24394440650939941
260,born,subway,-0.9133873879909515
261,bottle,glass,-0.31584876775741577
262,bottle,wine,-0.1808052659034729
263,bounce,bounced,-0.2688830494880676
264,bounce,swing,-0.15909922122955322
265,box,return,-0.8810150474309921
266,boxer,lighthouse,-0.6358906328678131
267,boy,hand,-0.4643310308456421
268,boy,live,-0.4096061587333679
269,boy,male,-0.23092108964920044
270,brace,stand,-0.4609648585319519
271,branch,lego,-0.4704325199127197
272,branch,limb,-0.731123149394989
273,branch,president,-0.5152296721935272
274,brandy,difficulty,-0.7524720430374146
275,brass,executive,-0.792647123336792
276,bread,cover,-0.49036604166030884
277,bread,dessert,-0.07869714498519897
278,bread,ocean,-0.8272850513458252
279,bread,salad,-0.02016127109527588
280,bread,sandwich,-0.05349898338317871
281,break,scattered,-0.7557506263256073
282,breakfast,restaurant,-0.16741394996643066
283,brick,cell,-0.691579282283783
284,brick,concrete,-0.11464804410934448
285,brick,construction,-0.6472013294696808
286,brick,house,-0.26832109689712524
287,brick,porch,-0.14671063423156738
288,brick,rabbit,-0.6065681278705597
289,brick,skyscraper,-0.16225355863571167
290,brick,staircase,-0.05977588891983032
291,brick,wall,-0.15083378553390503
292,bride,dress,-0.27721256017684937
293,bright,dark,-0.04343843460083008
294,bright,glittering,-0.17144429683685303
295,bright,grey,-0.18404924869537354
296,bright,red,-0.09426850080490112
297,bright,sky,-0.27369147539138794
298,bright,sun,-0.3353049159049988
299,broadcast,packet,-0.5187573432922363
300,brochure,reference,-0.23572653532028198
301,brokerage,politics,-0.8857123553752899
302,bronze,sculpture,-0.39449048042297363
303,brother,member,-0.4197806715965271
304,brown,feather,-0.38971686363220215
305,brown,grey,-0.14854562282562256
306,brown,insect,-0.7115031778812408
307,brown,purple,-0.3901737332344055
308,brown,violet,-0.24873876571655273
309,brush,implement,-0.8309390991926193
310,bubble,surface,-0.3318905234336853
311,buck,horse,-0.33732742071151733
312,bucket,duck,-0.4410035014152527
313,bucket,girl,-0.6211536228656769
314,bud,foliage,-0.6573685705661774
315,bud,shade,-0.5120004117488861
316,budget,scale,-0.372211754322052
317,build,flesh,-0.8620294779539108
318,building,cafe,-0.42111027240753174
319,building,construction,-0.22877252101898193
320,building,floor,-0.24993151426315308
321,building,interior,-0.33160316944122314
322,building,sandwich,-0.8608445674180984
323,building,sidewalk,-0.22644352912902832
324,building,zombie,-0.8032869696617126
325,bulgarian,nurse,-0.5215506255626678
326,bulletin,news,-0.18419528007507324
327,bundle,deceive,-0.6752301156520844
328,burger,eat,-0.21102535724639893
329,burger,frozen,-0.19294261932373047
330,burger,mac,-0.36488425731658936
331,burger,sandwich,-0.07194048166275024
332,burn,reading,-0.5960500538349152
333,burnt,treated,-0.6945217251777649
334,bury,hide,-0.23389452695846558
335,bus,subway,-0.040419578552246094
336,butterfly,insect,-0.35025888681411743
337,butterfly,stadium,-0.6225241422653198
338,button,police,-0.8708636462688446
339,cafe,dinner,-0.2410992980003357
340,cafe,frog,-0.4967479109764099
341,cafe,lunch,-0.22216367721557617
342,cafe,relax,-0.6277724802494049
343,cake,library,-0.8814993649721146
344,calendar,system,-0.6602031290531158
345,call,meeting,-0.6354099214076996
346,call,statement,-0.440921425819397
347,cambridge,harvard,-0.1698920726776123
348,camel,highway,-0.5225196480751038
349,camel,outdoor,-0.5757862627506256
350,camera,painting,-0.44405680894851685
351,camera,photography,-0.4047582745552063
352,camp,camp,-0.0
353,camping,pitch,-0.5910874009132385
354,can,mill,-0.8665463328361511
355,canal,coffee,-0.7280867695808411
356,canal,number,-0.8249226063489914
357,candy,sweet,-0.20949864387512207
358,canine,dog,-0.26735424995422363
359,canyon,pizza,-0.7378030121326447
360,canyon,river,-0.029484689235687256
361,capital,seed,-0.8207308202981949
362,captain,officer,-0.12271511554718018
363,car,hawk,-0.2790799140930176
364,car,limousine,-0.13648778200149536
365,car,tongue,-0.6354657411575317
366,card,party,-0.7870244383811951
367,card,plastic,-0.571732223033905
368,cardinal,village,-0.6909162998199463
369,carnivore,predator,-0.23686861991882324
370,carriage,coach,-0.8744333535432816
371,carrot,city,-1.0491719990968704
372,carrot,design,-0.9128530919551849
373,carrot,fruit,-0.07508254051208496
374,carrot,memorial,-0.9353668838739395
375,cartoon,wit,-0.280783474445343
376,case,luggage,-0.6685417294502258
377,cash,credit,-0.05945158004760742
378,cast,gathering,-0.6300225257873535
379,cat,garden,-0.5543619394302368
380,cat,jaguar,-0.39905935525894165
381,cat,licking,-0.1444522738456726
382,catering,loan,-0.6396549344062805
383,cd,stock,-0.7315628528594971
384,ceiling,door,-0.20326733589172363
385,ceiling,floor,-0.06302142143249512
386,ceiling,mug,-0.6301584243774414
387,ceiling,porch,-0.18428999185562134
388,cell,membrane,-0.146958589553833
389,cemetery,cone,-0.7586572468280792
390,cemetery,graveyard,-0.14027148485183716
391,ceramic,live,-0.7482050657272339
392,ceramic,ocean,-0.6590266227722168
393,chair,rocker,-0.39946413040161133
394,chance,fortune,-0.7679425179958344
395,change,change,-0.0
396,change,energized,-0.4404420852661133
397,change,move,-0.40710532665252686
398,change,yielding,-0.5084645748138428
399,channel,sound,-0.40989577770233154
400,chapel,church,-0.15767568349838257
401,characteristic,nature,-0.18926209211349487
402,charge,sentence,-0.16503125429153442
403,check,draft,-0.37028050422668457
404,cheer,musician,-0.4307158589363098
405,chef,paris,-0.6316375732421875
406,chemical,salt,-0.6643293797969818
407,chemistry,claim,-0.8684275448322296
408,cherry,dessert,-0.14649730920791626
409,cherry,fruit,-0.07855403423309326
410,cherry,peel,-0.16431814432144165
411,cherry,vine,-0.15244096517562866
412,chess,family,-0.5386692583560944
413,chicken,lamb,-0.010714232921600342
414,chicken,pepper,-0.1061277985572815
415,chicken,rice,-0.03992527723312378
416,chicken,rooster,-0.4558085799217224
417,chicken,star,-0.8011943250894547
418,child,fun,-0.6888604462146759
419,chocolate,dessert,-0.0646742582321167
420,chooses,compare,-0.36793023347854614
421,chopper,window,-0.4150218367576599
422,christmas,valentine,-0.4899827837944031
423,chuck,jaw,-0.7757664620876312
424,church,graveyard,-0.31655532121658325
425,church,porch,-0.39680761098861694
426,church,soldier,-0.548658698797226
427,cigarette,skating,-0.8959393501281738
428,circle,oval,-0.1246679425239563
429,circle,wig,-0.3925034999847412
430,circulation,circulation,-0.0
431,citation,citation,-0.0
432,city,downtown,-0.13625246286392212
433,city,kansas,-0.3271893858909607
434,city,live,-0.803258940577507
435,city,ruin,-0.8354363739490509
436,city,skyline,-0.3627259135246277
437,city,small,-0.7108918130397797
438,city,town,-0.07545167207717896
439,clean,remove,-0.29642462730407715
440,clear,clear,-0.0
441,clients,guest,-0.6176319420337677
442,cliff,sand,-0.3200035095214844
443,clock,stripe,-0.5128703415393829
444,closed,up,-0.6580585241317749
445,closing,closing,-0.0
446,closing,finale,-0.6208679378032684
447,cloud,energy,-0.7682576328516006
448,cloud,mist,-0.09608149528503418
449,cloud,misty,-0.20553261041641235
450,cloud,sunny,-0.37504637241363525
451,clown,flood,-0.878555417060852
452,club,cone,-0.6133768856525421
453,club,match,-0.31649529933929443
454,club,play,-0.4219619035720825
455,club,sign,-0.9154850095510483
456,coast,downtown,-0.3992181420326233
457,coast,glide,-0.48533034324645996
458,coast,lay,-0.9373622909188271
459,coast,slope,-0.390769898891449
460,cock,penis,-0.21377277374267578
461,cocktail,garage,-0.576946496963501
462,cocktail,restaurant,-0.3230992555618286
463,code,software,-0.42131251096725464
464,coffee,meeting,-1.116677150130272
465,coffee,sun,-0.624786913394928
466,coin,silver,-0.43952399492263794
467,coin,ticket,-0.39763396978378296
468,cold,dripping,-0.27116817235946655
469,cold,ear,-0.4390934109687805
470,cold,hot,-0.14575648307800293
471,cold,puddle,-0.25711148977279663
472,cold,washing,-0.37707507610321045
473,cold,weather,-0.3331037759780884
474,collect,collect,-0.0
475,collection,data,-0.5955203473567963
476,collection,packet,-0.5907419621944427
477,collection,work,-0.7150139808654785
478,collision,smash,-0.5410920977592468
479,colony,depression,-0.9019389227032661
480,color,quality,-0.614537239074707
481,color,wine,-0.45928651094436646
482,color,yellow,-0.1376226544380188
483,colorful,frame,-0.4558355212211609
484,colour,grey,-0.37871086597442627
485,colour,red,-0.41815972328186035
486,colour,wild,-0.48391997814178467
487,combination,education,-0.6097390651702881
488,comfort,relief,-0.3383055329322815
489,commenting,note,-0.36084455251693726
490,commercial,manufacture,-0.22867423295974731
491,commissions,order,-0.32752156257629395
492,communication,tune,-0.6916969120502472
493,communications,tableware,-0.6574566066265106
494,communications,transmission,-0.1585521101951599
495,community,territory,-0.5016632378101349
496,commuter,scottish,-0.5332529246807098
497,comparison,scrutiny,-0.5382528007030487
498,compensation,offset,-0.46960127353668213
499,computer,lab,-0.32717597484588623
500,concert,sing,-0.24949949979782104
501,concerts,settle,-0.984954715706408
502,conclusion,conclusion,-0.0
503,concrete,construction,-0.5157467424869537
504,concrete,school,-0.9571748487651348
505,condition,health,-0.41592055559158325
506,cone,windmill,-0.43945789337158203
507,conference,lawyer,-0.8710255324840546
508,conservation,traveling,-0.720255047082901
509,construction,violet,-0.87444107234478
510,construction,window,-0.6213172674179077
511,consume,supply,-0.40120869874954224
512,consumer,energy,-0.15152472257614136
513,continent,ground,-0.5248242318630219
514,continue,keep,-0.24233847856521606
515,convertible,pipe,-0.5202646553516388
516,cook,printer,-0.7813962399959564
517,cooking,salad,-0.07772946357727051
518,cooking,soup,-0.07573771476745605
519,cool,cool,-0.0
520,cool,jazz,-0.4622093439102173
521,copy,image,-0.5254604518413544
522,copy,work,-0.7289599180221558
523,corridor,hall,-0.5004313290119171
524,cost,postage,-0.33642828464508057
525,costume,ocean,-0.7218151986598969
526,costume,radiation,-0.8851636499166489
527,costume,shirt,-0.20722132921218872
528,cottage,sleep,-0.7270942032337189
529,couch,lounge,-0.22723031044006348
530,couple,live,-0.34090709686279297
531,couple,makeup,-0.5658719539642334
532,couple,square,-0.6283842325210571
533,course,workshop,-0.6868237257003784
534,cousin,relation,-0.6494111120700836
535,cover,dot,-0.34679532051086426
536,covering,covering,-0.0
537,crab,manufacturer,-0.8626135438680649
538,cracking,cracking,-0.0
539,craft,soup,-0.7109281420707703
540,craft,trade,-0.5370008945465088
541,craft,van,-0.6013107597827911
542,crane,implement,-0.8412231206893921
543,crane,stair,-0.28743302822113037
544,crane,wild,-0.6464958786964417
545,crash,striking,-0.494432270526886
546,crash,swing,-0.6632586717605591
547,credit,credit,-0.0
548,credit,flap,-0.7129305899143219
549,credit,latin,-0.865553230047226
550,credit,man,-0.904194712638855
551,credit,money,-0.09999728202819824
552,credit,ovation,-0.817252978682518
553,credit,sum,-0.21600431203842163
554,crew,unit,-0.5534192323684692
555,criminal,possession,-0.2416033148765564
556,crochet,family,-0.728425145149231
557,crochet,stitch,-0.17175042629241943
558,cross,meet,-0.5814931392669678
559,cross,pub,-0.6076831817626953
560,cross,shopping,-0.6628532409667969
561,cross,tower,-0.3198418617248535
562,crystal,silhouette,-0.1916215419769287
563,crystal,spiral,-0.36756789684295654
564,cube,dice,-0.2451304793357849
565,cucumber,potato,-0.01303708553314209
566,cup,handbag,-0.9670197442173958
567,cup,shape,-0.7968498766422272
568,curl,licking,-0.0793800950050354
569,currency,exchange,-0.1569277048110962
570,curve,rainbow,-0.41690927743911743
571,customer,mission,-0.5862274765968323
572,cute,fun,-0.20660918951034546
573,cute,guy,-0.23495101928710938
574,cute,lady,-0.22126156091690063
575,cute,music,-0.6030671894550323
576,cutter,knife,-0.15340524911880493
577,cutting,nip,-0.575378030538559
578,dad,left,-0.7514203041791916
579,daisy,grass,-0.4489673972129822
580,daisy,violet,-0.12162333726882935
581,damned,people,-0.4569714665412903
582,dandelion,seed,-0.2660678029060364
583,dark,flamingo,-0.4986112117767334
584,dark,grey,-0.17763638496398926
585,dark,purple,-0.05695849657058716
586,dark,rusty,-0.4835391044616699
587,dark,yellow,-0.05436593294143677
588,dashboard,protection,-0.7011343240737915
589,database,list,-0.2926933765411377
590,dawn,drug,-0.8195026069879532
591,dawn,night,-0.22435367107391357
592,dawn,sun,-0.2277938723564148
593,day,sunny,-0.28003042936325073
594,dead,face,-0.6827720701694489
595,dead,hanging,-0.5644693672657013
596,deaf,people,-0.461121141910553
597,death,funeral,-0.4304465055465698
598,death,organic,-0.8343946933746338
599,death,texas,-1.0210065487772226
600,declare,promised,-0.1436815857887268
601,decoration,interior,-0.454454243183136
602,decoration,set,-0.517269641160965
603,decrease,increase,-0.06781375408172607
604,defeat,disappointment,-0.4591737389564514
605,defeated,people,-1.1857250481843948
606,defeated,upset,-0.3048994541168213
607,defense,protection,-0.34635472297668457
608,defensive,nazi,-1.035852536559105
609,degree,quantity,-0.5840843915939331
610,degree,style,-0.42501896619796753
611,delaware,wine,-0.8196638971567154
612,demand,demand,-0.0
613,demand,request,-0.8922391384840012
614,demand,supply,-0.17944002151489258
615,demolition,skyline,-0.501412570476532
616,demolition,skyscraper,-0.35434937477111816
617,department,division,-0.46713584661483765
618,depression,depression,-0.0
619,descent,fall,-0.7379260659217834
620,desert,mountain,-0.03411966562271118
621,desert,scenery,-0.2827730178833008
622,desert,smoke,-0.33959585428237915
623,deserve,expect,-0.2858978509902954
624,deserve,merit,-0.2078726887702942
625,deserve,want,-0.27441567182540894
626,design,muscle,-0.7069729566574097
627,designation,recognition,-0.15660810470581055
628,desk,suspension,-0.696959912776947
629,dessert,eye,-0.7242722809314728
630,dessert,fruit,-0.053298890590667725
631,dessert,lunch,-0.11750245094299316
632,dessert,orange,-0.3233705759048462
633,dessert,pepper,-0.19913679361343384
634,destroy,disassembled,-0.604474663734436
635,develop,foundation,-0.42774301767349243
636,device,drum,-0.3611701726913452
637,devil,satan,-0.17174941301345825
638,dew,misty,-0.24671417474746704
639,dew,rain,-0.44003498554229736
640,die,played,-0.8040990233421326
641,dignity,integration,-0.20867878198623657
642,diluted,weak,-0.3338293433189392
643,diner,eat,-0.39542293548583984
644,diner,kitchen,-0.20977437496185303
645,dinner,eat,-0.2437114715576172
646,dinner,lunch,-0.012380003929138184
647,dinner,night,-0.5461965501308441
648,direction,government,-0.5433674454689026
649,dirt,racing,-0.5627728700637817
650,dirt,road,-0.2956327795982361
651,dirt,sand,-0.034767091274261475
652,dirty,feel,-0.42681384086608887
653,dirty,fun,-0.3861711621284485
654,dirty,rusty,-0.30007946491241455
655,discipline,science,-0.48363906145095825
656,discipline,system,-0.39093661308288574
657,disease,plague,-0.13688111305236816
658,distance,distribution,-0.6911138594150543
659,distinguish,promise,-0.506772369146347
660,distinguish,sex,-0.30359262228012085
661,distribute,research,-0.5716520249843597
662,distributed,spread,-0.7522443979978561
663,divide,split,-0.3461076617240906
664,division,lincoln,-0.6497228145599365
665,doctor,liability,-0.7247961759567261
666,document,resolution,-0.17987191677093506
667,dog,fauna,-0.6002927422523499
668,dog,pug,-0.10434073209762573
669,dog,puppy,-0.04620826244354248
670,dollar,yen,-0.018579483032226562
671,domain,land,-0.41887813806533813
672,dome,uniform,-0.702235072851181
673,doodle,scratch,-0.3635784983634949
674,door,interior,-0.5557040870189667
675,door,kitchen,-0.2526557445526123
676,door,porch,-0.14363765716552734
677,door,room,-0.19864904880523682
678,door,wall,-0.20900440216064453
679,door,window,-0.04218941926956177
680,doubt,ego,-0.26469939947128296
681,down,flush,-0.281399667263031
682,downtown,shopping,-0.2302781343460083
683,downtown,shore,-0.2646350860595703
684,downtown,skyscraper,-0.26683932542800903
685,dragon,drop,-0.758655771613121
686,dragon,metal,-0.6042158901691437
687,dragonfly,pond,-0.23023128509521484
688,drain,tap,-0.37167924642562866
689,drawing,music,-0.37753039598464966
690,dress,wear,-0.05780297517776489
691,dressing,sauce,-0.07366025447845459
692,drink,murder,-0.8321935683488846
693,drink,turn,-0.6358172595500946
694,dripping,puddle,-0.11234021186828613
695,drive,impulse,-0.5604563355445862
696,drive,mechanism,-0.5546772181987762
697,drive,operate,-0.39181411266326904
698,drop,hanging,-0.7547176480293274
699,drug,operator,-0.5730401277542114
700,drug,reflection,-0.6671916544437408
701,duck,mallard,-0.2946612238883972
702,duck,outfit,-0.5739268958568573
703,dude,feel,-0.306984543800354
704,dude,friend,-0.3741533160209656
705,dude,sexy,-0.259010374546051
706,dude,stop,-0.4359081983566284
707,dusk,misty,-0.08732873201370239
708,dusk,skirt,-0.5803261995315552
709,earn,make,-0.5026101469993591
710,east,israel,-0.560402899980545
711,easter,preference,-0.6428755223751068
712,eat,eat,-0.0
713,eat,fruit,-0.20938217639923096
714,eat,rabbit,-0.2486346960067749
715,eat,truck,-0.878914400935173
716,edit,issue,-0.5922510027885437
717,edition,issue,-0.7384516000747681
718,educated,learned,-0.447676420211792
719,education,education,-0.0
720,egg,family,-0.7876736521720886
721,egg,lego,-0.8203796297311783
722,eight,movement,-0.9964665069710463
723,electronics,guess,-1.0308324806392193
724,element,mixture,-0.7249127924442291
725,element,nickel,-0.8006095588207245
726,eliminate,eliminate,-0.0
727,emergency,temp,-0.29771775007247925
728,emission,gum,-0.6469473838806152
729,empty,evacuated,-0.507475346326828
730,end,terminate,-0.5270424485206604
731,energy,force,-0.5020891726016998
732,enforcing,execute,-0.2561565041542053
733,engineering,technology,-0.06443488597869873
734,enhanced,increased,-0.5205604732036591
735,environment,land,-0.49384087324142456
736,equipment,rescue,-0.5771604478359222
737,escalator,railway,-0.32389289140701294
738,establishment,institution,-0.14357346296310425
739,evaluate,terminate,-0.164389967918396
740,evidence,identification,-0.1608181595802307
741,evidence,record,-1.0489412806928158
742,evolution,publicity,-0.33995288610458374
743,examination,study,-0.1133338212966919
744,example,specimen,-0.4144937992095947
745,exclude,lack,-0.30939561128616333
746,exhibit,parade,-0.3176182508468628
747,exhibition,museum,-0.25388073921203613
748,exhibition,soup,-0.9945235708728433
749,expanse,sheet,-0.6024808883666992
750,expect,think,-0.46353238821029663
751,expectation,possibility,-0.43738222122192383
752,experience,inexperience,-0.21978801488876343
753,explain,swear,-0.3883935213088989
754,explanation,theory,-0.2614557147026062
755,explosion,stencil,-0.7693836390972137
756,express,mail,-0.5787144303321838
757,eye,lip,-0.09722346067428589
758,eye,tear,-0.43908703327178955
759,fabric,photo,-0.7501882463693619
760,fabric,sail,-0.915209487080574
761,face,glittering,-0.5649278163909912
762,face,tear,-0.389488160610199
763,family,live,-0.3878272771835327
764,family,relay,-0.9643300585448742
765,family,square,-0.6563555598258972
766,fantasy,fiction,-0.07546699047088623
767,farm,wind,-0.6265034079551697
768,fashion,handwriting,-0.5260642468929291
769,fashion,outfit,-0.19942694902420044
770,fast,fast,-0.0
771,father,pop,-0.5160134732723236
772,fauna,toy,-0.7339319884777069
773,fear,panic,-0.11161690950393677
774,fear,terror,-0.26552659273147583
775,feather,grey,-0.17127537727355957
776,feather,hummingbird,-0.3502659201622009
777,feather,insect,-0.481217622756958
778,feather,nest,-0.32122236490249634
779,feather,sunflower,-0.373710036277771
780,feather,truck,-0.7206384837627411
781,feather,wild,-0.44395285844802856
782,feature,side,-0.8750174343585968
783,fee,tuition,-0.05565524101257324
784,feel,idea,-0.18565815687179565
785,feel,kiss,-0.531743198633194
786,feline,nut,-0.5930531620979309
787,feline,paw,-0.23031550645828247
788,fell,tear,-1.013861071318388
789,female,live,-0.38375574350357056
790,female,machine,-0.725563645362854
791,female,makeup,-0.4148581624031067
792,festival,musician,-0.4187249541282654
793,fever,symptom,-0.10518699884414673
794,fiction,romance,-0.0968853235244751
795,field,science,-0.8520880043506622
796,field,squirrel,-0.6625396013259888
797,filled,filled,-0.0
798,film,movie,-0.05976998805999756
799,finger,toe,-0.0839470624923706
800,fingerprint,identification,-0.06868547201156616
801,fire,smoke,-0.26045072078704834
802,fire,water,-0.4495985507965088
803,first,initial,-0.6678075790405273
804,fishing,rainbow,-0.26375293731689453
805,five,month,-0.6038638055324554
806,flag,iris,-0.44265806674957275
807,flag,quote,-0.7917731255292892
808,flame,reaction,-0.6666958034038544
809,flame,sidewalk,-0.30454540252685547
810,flamingo,hummingbird,-0.2055586576461792
811,flamingo,office,-0.4020645022392273
812,flat,housing,-0.6164540350437164
813,flight,jaguar,-0.5378256738185883
814,flight,trip,-0.14122426509857178
815,flood,flow,-0.23491448163986206
816,flood,line,-0.5607882440090179
817,flood,water,-0.3186061382293701
818,floor,level,-0.8511785864830017
819,floor,roof,-0.04989677667617798
820,floor,staircase,-0.10726237297058105
821,flower,foliage,-0.13407045602798462
822,flower,fruit,-0.3994450569152832
823,flower,violet,-0.11032134294509888
824,flower,wild,-0.3361099362373352
825,flush,spin,-0.28741490840911865
826,flute,wind,-0.7274695932865143
827,flying,sexy,-0.7770616412162781
828,focus,think,-0.9429590255022049
829,foliage,ivy,-0.28069424629211426
830,foliage,moss,-0.45890069007873535
831,foliage,pink,-0.2898244857788086
832,foliage,purple,-0.2795090079307556
833,foliage,violet,-0.23588931560516357
834,follower,satellite,-0.7695512473583221
835,food,frozen,-0.24989032745361328
836,food,noodle,-0.19331073760986328
837,food,produce,-0.33027058839797974
838,food,sausage,-0.298825740814209
839,food,wild,-0.5320318341255188
840,foot,piano,-0.7383222877979279
841,foot,tall,-0.3501890301704407
842,foot,train,-0.42953234910964966
843,force,sacrifice,-0.7351941168308258
844,forecast,message,-1.0299130994826555
845,forecast,predict,-0.5424816608428955
846,foreigner,travelers,-0.30941903591156006
847,forest,ground,-0.5488165020942688
848,forest,nature,-0.5478370487689972
849,foul,play,-0.4768567681312561
850,found,found,-0.0
851,foundation,support,-0.5465057194232941
852,friend,guy,-0.39616525173187256
853,friend,happy,-0.6780890822410583
854,friend,smile,-0.4866408705711365
855,frog,poppy,-0.4420524835586548
856,frog,tropical,-0.3702627420425415
857,frog,whale,-0.08289307355880737
858,frost,lily,-0.24525827169418335
859,frost,shade,-0.3655053973197937
860,frost,sunshine,-0.3765144944190979
861,frost,weather,-0.5732572972774506
862,frozen,pebble,-0.8793678134679794
863,frozen,raspberry,-0.11510556936264038
864,frozen,salad,-0.060943543910980225
865,fuel,lighter,-0.37729018926620483
866,full,full,-0.0
867,fun,guy,-0.19218212366104126
868,fun,kid,-0.12989991903305054
869,fun,relax,-0.27963972091674805
870,fun,sexy,-0.23259782791137695
871,fungi,leather,-0.8530254513025284
872,fungi,plant,-0.4325130581855774
873,furniture,man,-0.7366594672203064
874,furniture,nature,-0.8146602511405945
875,game,sign,-0.9677984192967415
876,gang,murder,-0.22886145114898682
877,garbage,lunch,-0.6648745238780975
878,garbage,rubbish,-0.09005194902420044
879,garden,house,-0.3050609230995178
880,garden,patio,-0.17122143507003784
881,garden,plantation,-0.1716405749320984
882,garlic,meal,-0.2325792908668518
883,garment,tie,-0.5962967872619629
884,gas,state,-0.7238940894603729
885,gasoline,pepper,-0.8021489083766937
886,gate,hotel,-0.2934332489967346
887,gauge,meter,-0.6778474152088165
888,gear,mechanism,-0.43990659713745117
889,gear,reverse,-0.5509859323501587
890,gender,representation,-0.12473887205123901
891,gender,sex,-0.2346763014793396
892,giraffe,harbor,-0.6043289303779602
893,giraffe,lion,-0.07648825645446777
894,giraffe,mist,-0.4973652958869934
895,girl,morning,-0.6646659970283508
896,girl,wind,-0.7598934769630432
897,give,sacrifice,-0.5117434859275818
898,glass,tub,-0.09770733118057251
899,glittering,smile,-0.42161548137664795
900,glittering,sunshine,-0.2929394841194153
901,glove,wear,-0.35000181198120117
902,goal,objective,-0.7653211653232574
903,goat,milk,-0.1717585325241089
904,gold,texture,-0.7434357702732086
905,good,sheet,-1.0111511154100299
906,goose,mallard,-0.21012818813323975
907,gore,pierce,-0.6063796579837799
908,government,immunity,-0.17000681161880493
909,government,transportation,-0.29796135425567627
910,gradual,slow,-0.16365563869476318
911,grass,ruin,-0.48637449741363525
912,grass,weed,-0.23777490854263306
913,grate,lean,-0.5232734084129333
914,grave,hat,-0.710379958152771
915,grave,shore,-0.4907667636871338
916,graveyard,porch,-0.21612238883972168
917,graveyard,pug,-0.32654720544815063
918,greater,greater,-0.0
919,green,number,-0.84637650847435
920,green,phone,-0.8322826027870178
921,green,violet,-0.13467997312545776
922,green,yellow,-0.0822533369064331
923,grey,orange,-0.2677425146102905
924,grey,purple,-0.1876012086868286
925,grey,violet,-0.06905579566955566
926,grey,white,-0.14262807369232178
927,grip,hold,-0.36772608757019043
928,group,vinyl,-0.8930121064186096
929,growth,stock,-0.1361076831817627
930,guarantee,warranty,-0.28277790546417236
931,guardian,livestock,-0.7390521168708801
932,guild,smith,-0.5722658634185791
933,guitar,piano,-0.08925879001617432
934,gun,kennedy,-0.69243523478508
935,gun,picture,-0.7318468391895294
936,gun,stair,-0.5583899617195129
937,guy,happy,-0.2651865482330322
938,guy,idea,-0.2395762801170349
939,guy,people,-0.43039900064468384
940,guy,tear,-0.90379748493433
941,guy,wire,-0.8491092920303345
942,hack,machine,-0.4162992238998413
943,hail,remember,-0.7992965430021286
944,haircut,sexy,-0.13270002603530884
945,half-hour,weeknight,-0.2172113060951233
946,hamburger,nutrition,-0.5822219848632812
947,hamster,party,-0.9074091166257858
948,hand,left,-0.28097373247146606
949,hand,stand,-0.2802588939666748
950,handle,lighting,-0.5950136482715607
951,handle,tram,-0.5776549577713013
952,handwriting,pig,-0.6765995621681213
953,handwriting,sketch,-0.16665959358215332
954,hanging,probability,-0.9038878232240677
955,hanging,stencil,-0.32007694244384766
956,hanging,stop,-0.754127562046051
957,happy,kid,-0.20973902940750122
958,happy,love,-0.2731668949127197
959,happy,mom,-0.2046934962272644
960,happy,night,-0.693103551864624
961,happy,rusty,-0.8056124150753021
962,happy,time,-0.5329594016075134
963,harbor,harbour,-0.07378917932510376
964,harbor,port,-0.16146749258041382
965,harbor,sailing,-0.22287333011627197
966,harbor,sea,-0.1285930871963501
967,harbor,sunk,-0.2901536822319031
968,harbour,sea,-0.28034156560897827
969,hard,zoo,-0.9577398337423801
970,hawk,hummingbird,-0.2627837061882019
971,hawk,insect,-0.3908088803291321
972,hawk,mallard,-0.19823569059371948
973,head,question,-0.9576618298888206
974,head,secretary,-0.5041505694389343
975,headlight,light,-0.3523979187011719
976,health,welfare,-0.18764734268188477
977,heart,space,-0.7062319219112396
978,height,infinite,-0.34601902961730957
979,helix,spiral,-0.3436599373817444
980,herb,mushroom,-0.11999571323394775
981,heroin,shoot,-0.8954836800694466
982,highway,street,-0.2929680347442627
983,highway,traffic,-0.1362926959991455
984,hike,production,-0.4599563479423523
985,hill,mountain,-0.23472148180007935
986,hill,river,-0.2615097761154175
987,hill,town,-0.3907427191734314
988,hinder,relieve,-0.34229159355163574
989,history,recital,-0.39258086681365967
990,hit,pop,-0.6510443985462189
991,hockey,play,-0.14770197868347168
992,home,return,-0.7734168171882629
993,homer,odyssey,-0.7116183340549469
994,honolulu,vacation,-0.31827670335769653
995,hood,protection,-0.6580356061458588
996,horse,interior,-0.8976942524313927
997,horse,sweet,-0.5635352730751038
998,hostility,war,-0.3053179383277893
999,hot,winter,-0.4829513430595398
1000,hot,zombie,-0.6473248302936554
1001,hotel,house,-0.21208524703979492
1002,house,poster,-0.47962188720703125
1003,house,staircase,-0.23238736391067505
1004,house,windmill,-0.3939245939254761
1005,hummingbird,moss,-0.4722142815589905
1006,hummingbird,reptile,-0.1040571928024292
1007,husky,painting,-0.5848336219787598
1008,husky,play,-0.4490068554878235
1009,icon,representation,-0.6065647304058075
1010,idea,stop,-0.465084969997406
1011,image,image,-0.0
1012,implement,use,-0.3679097890853882
1013,improvement,recovery,-0.1051783561706543
1014,income,sales,-0.23192602396011353
1015,index,mass,-0.9531714990735054
1016,information,target,-0.5358447730541229
1017,inhale,smoking,-0.21619504690170288
1018,initial,letter,-0.46901583671569824
1019,ink,liquid,-0.292789101600647
1020,ink,pencil,-0.11591672897338867
1021,installation,zoo,-0.651878297328949
1022,instruction,lesson,-0.3623237609863281
1023,instruction,recipe,-0.747078537940979
1024,intending,plan,-0.31986236572265625
1025,intensity,quiet,-0.40955787897109985
1026,interest,possess,-0.7418347597122192
1027,interior,roof,-0.4051380753517151
1028,interior,tall,-0.4141889214515686
1029,interior,wall,-0.4349571466445923
1030,invalid,void,-0.3836456537246704
1031,ipod,rope,-0.5938193500041962
1032,iron,splash,-0.5051743984222412
1033,isolation,solitude,-0.24831753969192505
1034,israel,terror,-0.14679527282714844
1035,item,newspaper,-0.6640255153179169
1036,ivy,urban,-0.4445844888687134
1037,jacket,jean,-0.625323623418808
1038,jacket,leather,-0.04128527641296387
1039,jacket,shirt,-0.005047440528869629
1040,jackson,quota,-0.9000447615981102
1041,jaguar,pier,-0.3681815266609192
1042,jail,nick,-0.800787478685379
1043,jazz,musician,-0.1693868637084961
1044,jazz,neck,-0.8689230382442474
1045,jazz,piano,-0.09574306011199951
1046,jean,outfit,-0.5072428286075592
1047,jean,shirt,-0.6571128964424133
1048,jellyfish,texture,-0.5209836363792419
1049,jewel,person,-0.667651891708374
1050,joke,law,-0.8621010035276413
1051,journal,writing,-0.4191531538963318
1052,jump,sunlight,-0.5712992548942566
1053,jumper,sweater,-0.5314616560935974
1054,justice,official,-0.3441258668899536
1055,juvenile,rope,-0.6111382246017456
1056,keep,keep,-0.0
1057,key,palace,-0.9972014368977398
1058,kiss,lip,-0.3211368918418884
1059,kiss,sweet,-0.4477730393409729
1060,kitchen,outfit,-0.6493925452232361
1061,kitchen,sleep,-0.5873275101184845
1062,kitchen,stair,-0.23736858367919922
1063,kitchen,wedding,-0.5499080121517181
1064,kitten,kitty,-0.11049807071685791
1065,kitten,paw,-0.16378062963485718
1066,kitten,rain,-0.7991473376750946
1067,kitty,licking,-0.24914520978927612
1068,knitting,stitch,-0.2495446801185608
1069,lady,stop,-0.6466283202171326
1070,lady,sunset,-0.46248239278793335
1071,lager,yeast,-0.23110777139663696
1072,lake,valley,-0.03866499662399292
1073,lamb,young,-0.7506153136491776
1074,lamp,light,-0.2879694104194641
1075,landscape,painting,-0.15982019901275635
1076,lantern,oak,-0.24406832456588745
1077,lapse,suspension,-0.2609635591506958
1078,last,senior,-1.0446429289877415
1079,law,lawyer,-0.6418711841106415
1080,law,mosaic,-0.8943397924304008
1081,law,similarity,-0.6419722139835358
1082,leaf,nature,-0.6758709847927094
1083,learning,study,-0.4064515233039856
1084,leather,sunshine,-0.6729137897491455
1085,lebanon,war,-0.12419360876083374
1086,left,play,-0.6419410705566406
1087,left,sitting,-0.47307664155960083
1088,left,smile,-0.693376213312149
1089,left,stop,-0.6970382630825043
1090,left,walk,-0.43954241275787354
1091,levy,request,-0.5006128251552582
1092,license,security,-0.2329002022743225
1093,licking,puppy,-0.16859400272369385
1094,licking,sitting,-0.29753249883651733
1095,lie,line,-0.5605335533618927
1096,life,story,-0.5518335998058319
1097,light,neon,-0.23515313863754272
1098,light,shade,-0.21111059188842773
1099,light,sleep,-0.6851227581501007
1100,lighter,lighter,-0.0
1101,lighting,person,-0.7915808409452438
1102,lily,purple,-0.24791860580444336
1103,line,lunch,-0.5687799751758575
1104,line,temple,-0.6953037679195404
1105,lineup,roll,-0.7028585374355316
1106,lingerie,underground,-0.8314047008752823
1107,link,union,-0.5733763873577118
1108,lion,square,-0.6059450507164001
1109,lion,tiger,-0.12460732460021973
1110,lip,run,-0.5355214774608612
1111,liquid,liquid,-0.0
1112,liquid,matter,-0.865560919046402
1113,list,position,-0.8021850883960724
1114,live,makeup,-0.7037622630596161
1115,live,race,-0.7752278447151184
1116,living,support,-0.8183216899633408
1117,load,weight,-0.4595531225204468
1118,location,property,-0.5792773962020874
1119,look,look,-0.0
1120,looking,search,-0.7135111093521118
1121,lost,people,-1.0230756681412458
1122,low,shoulder,-0.6907156407833099
1123,lower,sustain,-0.5160132050514221
1124,machine,pond,-0.60000079870224
1125,madhouse,mental,-0.9502294063568115
1126,magnolia,maple,-0.3296470046043396
1127,majority,number,-0.5585042536258698
1128,maker,manufacturer,-0.027374625205993652
1129,makeup,people,-0.7830340415239334
1130,makeup,skull,-0.3640727400779724
1131,male,man,-0.27513235807418823
1132,male,tongue,-0.46995997428894043
1133,mallard,portrait,-0.49278509616851807
1134,man,sexy,-0.3080887794494629
1135,map,weed,-0.6213626265525818
1136,marble,marching,-0.5625317990779877
1137,marble,monkey,-0.5897428393363953
1138,marble,statue,-0.24239706993103027
1139,marble,stone,-0.05158567428588867
1140,marble,wall,-0.1547558307647705
1141,mark,trace,-0.8693704903125763
1142,market,sell,-0.3574625253677368
1143,married,person,-0.5893047451972961
1144,mask,roof,-0.5173039138317108
1145,match,stadium,-0.2862107753753662
1146,mature,mature,-0.0
1147,maxwell,transmission,-0.7419280707836151
1148,mayor,water,-0.8591003566980362
1149,meaning,translation,-0.4302600026130676
1150,measure,money,-0.23595178127288818
1151,measure,sea,-0.7908810079097748
1152,meat,pond,-0.7148966193199158
1153,mechanism,stabilize,-0.4181891083717346
1154,medium,organization,-0.8474859744310379
1155,melody,music,-0.14294904470443726
1156,memorial,people,-1.0318248197436333
1157,memorial,rope,-0.6983132660388947
1158,memory,operation,-0.5014413595199585
1159,merchandise,stock,-0.49149471521377563
1160,metal,silver,-0.4211324453353882
1161,metal,zinc,-0.3476055860519409
1162,metro,station,-0.16981720924377441
1163,microwave,radiation,-0.5337398052215576
1164,mill,sunflower,-0.466610312461853
1165,mill,wild,-0.6054135859012604
1166,mind,mind,-0.0
1167,mind,recall,-0.45839375257492065
1168,ministry,resident,-0.8541309684514999
1169,minor,minority,-0.7879745960235596
1170,mirror,raspberry,-0.7329584360122681
1171,mist,sunshine,-0.089957594871521
1172,misty,rain,-0.30632323026657104
1173,misty,scenery,-0.20726776123046875
1174,misty,sky,-0.08364391326904297
1175,misty,sunrise,-0.0931580662727356
1176,misty,weather,-0.338828980922699
1177,modification,surprise,-0.713159590959549
1178,money,pile,-0.6592262983322144
1179,month,week,-0.09072214365005493
1180,moon,mushroom,-0.6522296667098999
1181,moon,planet,-0.21339064836502075
1182,moon,sky,-0.05597454309463501
1183,moon,sun,-0.15235674381256104
1184,morning,sky,-0.35011714696884155
1185,morning,sleep,-0.6356789767742157
1186,morning,time,-0.48643946647644043
1187,moroccan,morocco,-0.363847017288208
1188,mother,pregnant,-0.11882644891738892
1189,mother,yeast,-0.788708284497261
1190,motor,vehicle,-0.19813984632492065
1191,motto,volunteer,-0.5465564131736755
1192,mountain,sea,-0.13672369718551636
1193,mouth,tongue,-0.044543445110321045
1194,move,shifting,-0.5949200689792633
1195,move,spread,-0.886107437312603
1196,move,stick,-0.630636602640152
1197,move,swell,-0.6246302127838135
1198,movie,television,-0.2788046598434448
1199,mural,paint,-0.3861284852027893
1200,murphy,potato,-0.839324414730072
1201,muscle,nature,-0.5690197944641113
1202,mushroom,salad,-0.02219480276107788
1203,music,sound,-0.2553216814994812
1204,musical,opera,-0.11992764472961426
1205,musician,piano,-0.19817525148391724
1206,narration,telling,-0.543550968170166
1207,native,rhodes,-0.5115466713905334
1208,nest,wasp,-0.29507434368133545
1209,night,sitting,-0.6418480277061462
1210,night,sunset,-0.28421449661254883
1211,noise,splash,-0.3153124451637268
1212,notebook,production,-0.7658746242523193
1213,nude,painting,-0.2755036950111389
1214,number,square,-0.8874371200799942
1215,number,web,-0.6152427792549133
1216,occupancy,percent,-0.1911296844482422
1217,ocean,sea,-0.06182599067687988
1218,ocean,underwater,-0.1359347701072693
1219,ocean,water,-0.44140470027923584
1220,opening,up,-0.5840794742107391
1221,opera,serial,-0.4273824095726013
1222,orange,pink,-0.12103629112243652
1223,orange,purple,-0.12280029058456421
1224,orange,red,-0.054218292236328125
1225,orange,strawberry,-0.155373215675354
1226,order,world,-0.917534664273262
1227,outdoor,swimming,-0.260466992855072
1228,outfit,skirt,-0.10750091075897217
1229,overflow,sewer,-0.2718164920806885
1230,padding,tower,-0.5377580225467682
1231,paint,puddle,-0.3248254060745239
1232,pakistan,radical,-0.468555748462677
1233,panorama,scenery,-0.16681301593780518
1234,paper,paper,-0.0
1235,paper,tattoo,-0.43930506706237793
1236,papers,security,-0.5600855946540833
1237,parade,store,-0.7494425773620605
1238,parade,table,-0.45198458433151245
1239,parcel,region,-0.4054664373397827
1240,parking,photographer,-0.7187599539756775
1241,parrot,wing,-0.5159799754619598
1242,part,pressing,-0.3750479817390442
1243,part,substance,-0.5258873999118805
1244,patch,spot,-0.3903017044067383
1245,patent,professional,-0.6704478561878204
1246,path,sunflower,-0.6944575905799866
1247,patio,room,-0.04945039749145508
1248,patio,sitting,-0.2041795253753662
1249,patio,swan,-0.4771825075149536
1250,patio,washing,-0.3399210572242737
1251,patronage,people,-0.7782403528690338
1252,patterned,professor,-0.8172264248132706
1253,pavilion,terrace,-0.08471924066543579
1254,paw,pet,-0.22216933965682983
1255,peace,war,-0.3581731915473938
1256,pebble,sand,-0.30123740434646606
1257,people,wounded,-0.49428606033325195
1258,perceive,touching,-0.36178523302078247
1259,perform,solo,-0.3792029023170471
1260,permission,tolerance,-0.5838640928268433
1261,person,technician,-0.8007527887821198
1262,petal,yellow,-0.09895241260528564
1263,phantom,shadow,-0.2977365255355835
1264,phone,stock,-0.7037099897861481
1265,photo,picture,-0.42690420150756836
1266,photography,portrait,-0.17785334587097168
1267,physical,resolution,-0.6039762198925018
1268,piano,wolf,-0.5597779750823975
1269,piece,sail,-0.8133192956447601
1270,pigeon,reading,-0.6646715998649597
1271,pigeon,round,-0.8158281445503235
1272,pillow,stone,-0.39256751537323
1273,pink,red,-0.04698300361633301
1274,pink,shade,-0.10632061958312988
1275,pink,yellow,-0.025034546852111816
1276,pizza,railway,-0.7551525235176086
1277,place,place,-0.0
1278,place,position,-0.5849538147449493
1279,place,siphon,-0.8521162271499634
1280,plane,radar,-0.23243874311447144
1281,plant,seed,-0.5183411538600922
1282,plant,skate,-0.9269723892211914
1283,plot,strategy,-0.4417344927787781
1284,pod,round,-0.6896632313728333
1285,point,second,-0.2890240550041199
1286,point,tennis,-0.7053604423999786
1287,point,trouble,-0.38499289751052856
1288,poll,straw,-0.7155762016773224
1289,poll,vote,-0.4470481276512146
1290,poodle,terrier,-0.055146872997283936
1291,porch,pug,-0.4051011800765991
1292,porch,staircase,-0.08401226997375488
1293,portrait,rocket,-0.822748064994812
1294,possession,possession,-0.0
1295,post,view,-0.6862249970436096
1296,post,white,-0.7344430983066559
1297,potato,sweet,-0.0711979866027832
1298,power,sway,-0.3338814973831177
1299,pregnancy,pregnant,-0.3138028383255005
1300,price,price,-0.0
1301,print,produce,-0.5709432661533356
1302,process,rule,-0.15377068519592285
1303,production,theater,-0.8380380570888519
1304,project,project,-0.0
1305,proper,right,-0.5694190263748169
1306,property,size,-0.5277473330497742
1307,protection,roof,-0.9262204468250275
1308,protocol,rule,-0.13096457719802856
1309,publish,show,-0.3902174234390259
1310,puddle,street,-0.382030725479126
1311,purple,red,-0.042642951011657715
1312,purple,shade,-0.11708986759185791
1313,purple,stripe,-0.06076091527938843
1314,put,space,-0.703355610370636
1315,quiet,silence,-0.3424254059791565
1316,race,racing,-0.08460277318954468
1317,racing,shirt,-0.592846155166626
1318,racket,tennis,-0.5587321221828461
1319,radical,uniform,-0.6216493248939514
1320,rail,train,-0.06917107105255127
1321,railroad,underground,-0.162533700466156
1322,railway,station,-0.05012935400009155
1323,railway,train,-0.09312772750854492
1324,rain,sun,-0.16746509075164795
1325,rainbow,whale,-0.27211153507232666
1326,raise,shoulders,-0.792357012629509
1327,raising,upbringing,-0.8549806773662567
1328,rap,tap,-0.35397541522979736
1329,ray,shark,-0.6986055970191956
1330,read,reading,-0.20223665237426758
1331,recognition,recognition,-0.0
1332,recognition,seeing,-0.7666246145963669
1333,record,score,-0.21178579330444336
1334,record,write,-1.0328149423003197
1335,red,shade,-0.14418524503707886
1336,red,tea,-0.31213152408599854
1337,red,white,-0.05931580066680908
1338,redhead,reflection,-0.600551038980484
1339,relax,sunshine,-0.4188966751098633
1340,religion,trinity,-0.6048093140125275
1341,representative,voice,-0.8292373269796371
1342,reptile,swim,-0.3839133381843567
1343,reptile,wild,-0.21340084075927734
1344,reservation,reservation,-0.0
1345,resistance,resistance,-0.0
1346,restaurant,shopping,-0.23938918113708496
1347,restaurant,sushi,-0.16195327043533325
1348,restaurant,violet,-0.6988526880741119
1349,review,study,-0.35519707202911377
1350,reviewers,writer,-0.5855922102928162
1351,rice,soup,-0.02963244915008545
1352,rice,yellow,-0.522216260433197
1353,river,stream,-0.29213327169418335
1354,riverside,vietnamese,-0.780295342206955
1355,road,sidewalk,-0.38331806659698486
1356,robbery,rolling,-0.7252900302410126
1357,rock,stone,-0.3536067008972168
1358,rodent,smile,-0.5939016044139862
1359,rolling,sound,-0.4521518349647522
1360,roof,stair,-0.059008777141571045
1361,roof,tile,-0.136627197265625
1362,room,stair,-0.15143972635269165
1363,rope,shore,-0.5636876821517944
1364,rose,rose,-0.0
1365,rough,rough,-0.0
1366,round,travel,-0.6403437554836273
1367,row,terrace,-0.37465810775756836
1368,rugby,soccer,-0.06874483823776245
1369,ruin,shore,-0.5327789187431335
1370,ruin,stone,-0.6542881429195404
1371,ruin,town,-0.7445383965969086
1372,run,train,-0.5954200029373169
1373,running,sprint,-0.33575159311294556
1374,rust,rusty,-0.24656319618225098
1375,rusty,shade,-0.4368036985397339
1376,sacrifice,sacrifice,-0.0
1377,sailing,sunk,-0.3693721890449524
1378,salad,soup,-0.0018979907035827637
1379,salad,sweet,-0.08593684434890747
1380,scenery,shore,-0.36530327796936035
1381,scenery,sketch,-0.3674314618110657
1382,scenery,skyline,-0.21128422021865845
1383,scenery,sunshine,-0.2605202794075012
1384,scenery,trail,-0.2755393981933594
1385,scenery,valley,-0.4613804817199707
1386,school,traffic,-0.8635806292295456
1387,science,shelter,-0.6768426895141602
1388,sea,sing,-0.7687882035970688
1389,sea,swim,-0.3879530429840088
1390,seal,washers,-0.3278094530105591
1391,season,summer,-0.36823564767837524
1392,second,time,-0.44744545221328735
1393,session,surprise,-0.5790422856807709
1394,sexy,smile,-0.22266936302185059
1395,shade,sunlight,-0.1809508204460144
1396,shade,whale,-0.47252732515335083
1397,shade,yellow,-0.10196346044540405
1398,shed,traffic,-0.5695803165435791
1399,sheet,window,-0.27131885290145874
1400,shifting,shifting,-0.0
1401,shirt,show,-0.7469618916511536
1402,shirt,skirt,-0.012562274932861328
1403,shoot,sucker,-0.19937890768051147
1404,shop,shopping,-0.14566481113433838
1405,shop,summer,-0.823362722992897
1406,shore,swim,-0.28718650341033936
1407,shore,valley,-0.16288894414901733
1408,shore,waterfall,-0.24649906158447266
1409,shore,woodland,-0.23651856184005737
1410,shot,shot,-0.0
1411,side,street,-0.4243693947792053
1412,sight,vision,-0.4627688527107239
1413,sign,street,-0.7063938081264496
1414,silence,still,-0.39516395330429077
1415,singles,tennis,-0.1534518003463745
1416,sit,sit,-0.0
1417,situation,things,-0.3040121793746948
1418,skate,skating,-0.08427011966705322
1419,sketch,texture,-0.58070307970047
1420,skin,television,-0.9892933955416083
1421,skull,storm,-0.6521846652030945
1422,sky,sunlight,-0.18805360794067383
1423,skyline,skyscraper,-0.09007370471954346
1424,slash,stroke,-0.8251509219408035
1425,slave,work,-0.6337713301181793
1426,slave,worker,-0.26463836431503296
1427,sleeping,waking,-0.24659985303878784
1428,small,valley,-0.5270675718784332
1429,smash,success,-0.5676531195640564
1430,smile,stand,-0.41174405813217163
1431,smoking,sunny,-0.5680294036865234
1432,snake,taxi,-0.5155006051063538
1433,snap,touch,-0.29762130975723267
1434,snow,sunshine,-0.1509416699409485
1435,space,space,-0.0
1436,species,stability,-0.9737762063741684
1437,spiral,staircase,-0.25617319345474243
1438,splash,swim,-0.32319527864456177
1439,spring,sunshine,-0.12775957584381104
1440,sprint,standing,-0.8879202678799629
1441,square,town,-0.28169262409210205
1442,stair,steel,-0.21662932634353638
1443,stamp,weave,-0.38038378953933716
1444,star,storm,-0.7404511272907257
1445,statement,word,-0.4433559775352478
1446,station,train,-0.09067988395690918
1447,steel,weapon,-0.5858478844165802
1448,steel,wing,-0.4571123719215393
1449,stock,stock,-0.0
1450,stone,wall,-0.19297337532043457
1451,storm,sweet,-0.8447312265634537
1452,storm,thunderstorm,-0.04396277666091919
1453,straight,stretch,-0.30376142263412476
1454,strains,trouble,-0.5133863091468811
1455,strawberry,sweet,-0.04716092348098755
1456,strawberry,tomato,-0.11952316761016846
1457,string,string,-0.0
1458,string,team,-0.6640559136867523
1459,stripe,violet,-0.1450948715209961
1460,stripe,white,-0.11096829175949097
1461,stroke,stroke,-0.0
1462,study,study,-0.0
1463,subway,train,-0.058220505714416504
1464,suffering,suffering,-0.0
1465,summer,weather,-0.2318444848060608
1466,sun,sunshine,-0.13146591186523438
1467,sunglass,weed,-0.9755406379699707
1468,sunny,sunset,-0.19060879945755005
1469,sunny,wet,-0.44056856632232666
1470,sunny,winter,-0.11655884981155396
1471,sunshine,weather,-0.21301549673080444
1472,supporters,trader,-0.9617949016392231
1473,surf,surfer,-0.23671144247055054
1474,swim,swimming,-0.08933031558990479
1475,swim,underwater,-0.3851807713508606
1476,swim,vehicle,-0.6498870849609375
1477,tea,village,-0.764339417219162
1478,tenure,term,-0.1760859489440918
1479,term,term,-0.0
1480,things,things,-0.0
1481,town,village,-0.030351758003234863
1482,track,yellow,-0.6932501792907715
1483,trading,trading,-0.0
1484,trading,traffic,-0.6512264013290405
1485,trailer,vehicle,-0.23570036888122559
1486,travel,wandering,-0.6062677502632141
1487,travel,wood,-1.0416438579559326
1488,troops,troops,-0.0
1489,upgrade,upgrade,-0.0
1490,van,vehicle,-0.5585952699184418
1491,vanished,vanished,-0.0
1492,vine,wine,-0.38161247968673706
1493,violet,yellow,-0.10658395290374756
1494,washer,worker,-0.4489641785621643
1495,water,water,-0.0
1496,ways,ways,-0.0
1497,white,white,-0.0
1498,wife,woman,-0.14777040481567383
1499,word,word,-0.0
